[
  {
    "code": "TK001",
    "name": "Tokyo Express",
    "length": "7 nights",
    "start": "2025-06-15T00:00:00Z",
    "resort": "Tokyo Resort",
    "perPerson": "1200",
    "image": "tokyo.jpg",
    "description": "Experience Tokyo like never before."
  },
  {
    "code": "PR002",
    "name": "Paris Delight",
    "length": "5 nights",
    "start": "2025-07-10T00:00:00Z",
    "resort": "Parisian Stay",
    "perPerson": "1500",
    "image": "paris.jpg",
    "description": "Discover romance and culture in Paris."
  },
  {
    "code": "NY003",
    "name": "New York Lights",
    "length": "4 nights",
    "start": "2025-05-20T00:00:00Z",
    "resort": "NY Downtown",
    "perPerson": "1000",
    "image": "ny.jpg",
    "description": "Explore the heartbeat of the Big Apple."
  }
]
