{
  "hash": "8d84fd95",
  "configHash": "a066b9bc",
  "lockfileHash": "ee8668b7",
  "browserHash": "b290795e",
  "optimized": {
    "@angular/common": {
      "src": "../../../../../../node_modules/@angular/common/fesm2022/common.mjs",
      "file": "@angular_common.js",
      "fileHash": "10453c01",
      "needsInterop": false
    },
    "@angular/common/http": {
      "src": "../../../../../../node_modules/@angular/common/fesm2022/http.mjs",
      "file": "@angular_common_http.js",
      "fileHash": "83fb78ae",
      "needsInterop": false
    },
    "@angular/core": {
      "src": "../../../../../../node_modules/@angular/core/fesm2022/core.mjs",
      "file": "@angular_core.js",
      "fileHash": "b613bd40",
      "needsInterop": false
    },
    "@angular/platform-browser": {
      "src": "../../../../../../node_modules/@angular/platform-browser/fesm2022/platform-browser.mjs",
      "file": "@angular_platform-browser.js",
      "fileHash": "ef01bdb3",
      "needsInterop": false
    },
    "@angular/router": {
      "src": "../../../../../../node_modules/@angular/router/fesm2022/router.mjs",
      "file": "@angular_router.js",
      "fileHash": "8d4950d8",
      "needsInterop": false
    }
  },
  "chunks": {
    "chunk-2GW7W2BD": {
      "file": "chunk-2GW7W2BD.js"
    },
    "chunk-CHB2Z37J": {
      "file": "chunk-CHB2Z37J.js"
    },
    "chunk-FP6U2QQL": {
      "file": "chunk-FP6U2QQL.js"
    },
    "chunk-KNC24NTO": {
      "file": "chunk-KNC24NTO.js"
    },
    "chunk-IWJZX5M4": {
      "file": "chunk-IWJZX5M4.js"
    }
  }
}