{
  "hash": "00b839bc",
  "configHash": "bb8f2da4",
  "lockfileHash": "8b558477",
  "browserHash": "8da4f908",
  "optimized": {
    "@angular/common": {
      "src": "../../../../../../node_modules/@angular/common/fesm2022/common.mjs",
      "file": "@angular_common.js",
      "fileHash": "c57f82c9",
      "needsInterop": false
    },
    "@angular/common/http": {
      "src": "../../../../../../node_modules/@angular/common/fesm2022/http.mjs",
      "file": "@angular_common_http.js",
      "fileHash": "9840290b",
      "needsInterop": false
    },
    "@angular/core": {
      "src": "../../../../../../node_modules/@angular/core/fesm2022/core.mjs",
      "file": "@angular_core.js",
      "fileHash": "1bfc63c4",
      "needsInterop": false
    },
    "@angular/forms": {
      "src": "../../../../../../node_modules/@angular/forms/fesm2022/forms.mjs",
      "file": "@angular_forms.js",
      "fileHash": "e6e6e6c1",
      "needsInterop": false
    },
    "@angular/platform-browser": {
      "src": "../../../../../../node_modules/@angular/platform-browser/fesm2022/platform-browser.mjs",
      "file": "@angular_platform-browser.js",
      "fileHash": "7fdb7467",
      "needsInterop": false
    },
    "@angular/platform-browser/animations": {
      "src": "../../../../../../node_modules/@angular/platform-browser/fesm2022/animations.mjs",
      "file": "@angular_platform-browser_animations.js",
      "fileHash": "072ad417",
      "needsInterop": false
    },
    "@angular/router": {
      "src": "../../../../../../node_modules/@angular/router/fesm2022/router.mjs",
      "file": "@angular_router.js",
      "fileHash": "b7cd6b86",
      "needsInterop": false
    },
    "rxjs": {
      "src": "../../../../../../node_modules/rxjs/dist/esm5/index.js",
      "file": "rxjs.js",
      "fileHash": "0a6e54c1",
      "needsInterop": false
    }
  },
  "chunks": {
    "chunk-LMQZCPWD": {
      "file": "chunk-LMQZCPWD.js"
    },
    "chunk-7ERYJJWP": {
      "file": "chunk-7ERYJJWP.js"
    },
    "chunk-7OVF3MJL": {
      "file": "chunk-7OVF3MJL.js"
    },
    "chunk-5YY4JGXL": {
      "file": "chunk-5YY4JGXL.js"
    },
    "chunk-B7RQN5EG": {
      "file": "chunk-B7RQN5EG.js"
    },
    "chunk-LBQ7ANGX": {
      "file": "chunk-LBQ7ANGX.js"
    },
    "chunk-S35MAB2V": {
      "file": "chunk-S35MAB2V.js"
    }
  }
}